{
  "indexes": [
    {
      "collectionGroup": "grievances",
      "queryScope": "COLLECTION",
      "fields": [
        {
          "fieldPath": "userId",
          "order": "ASCENDING"
        },
        {
          "fieldPath": "state",
          "order": "ASCENDING"
        },
        {
          "fieldPath": "timestamp",
          "order": "ASCENDING"
        }
      ]
    },
    {
      "collectionGroup": "grievances",
      "queryScope": "COLLECTION",
      "fields": [
        {
          "fieldPath": "userId",
          "order": "ASCENDING"
        },
        {
          "fieldPath": "state",
          "order": "ASCENDING"
        },
        {
          "fieldPath": "solved_notsolved",
          "order": "ASCENDING"
        },
        {
          "fieldPath": "timestamp",
          "order": "ASCENDING"
        }
      ]
    },
    {
      "collectionGroup": "grievances",
      "queryScope": "COLLECTION",
      "fields": [
        {
          "fieldPath": "solved_notsolved",
          "order": "ASCENDING"
        },
        {
          "fieldPath": "User_satisfiedornot",
          "order": "ASCENDING"
        },
        {
          "fieldPath": "rating",
          "order": "DESCENDING"
        },
        {
          "fieldPath": "solvedtimestamp",
          "order": "DESCENDING"
        }
      ]
    }
  ]
}