{
  "project_info": {
    "project_number": "863757030959",
    "project_id": "login-app-iqbm77",
    "storage_bucket": "login-app-iqbm77.appspot.com"
  },
  "client": [
    {
      "client_info": {
        "mobilesdk_app_id": "1:863757030959:android:1f9495e034aec7b46318da",
        "android_client_info": {
          "package_name": "com.mycompany.EGrievanceHub"
        }
      },
      "oauth_client": [],
      "api_key": [
        {
          "current_key": "AIzaSyBIA2YHN3cQwcNKT_xudO13wnSggTU_8Kk"
        }
      ],
      "services": {
        "appinvite_service": {
          "other_platform_oauth_client": []
        }
      }
    },
    {
      "client_info": {
        "mobilesdk_app_id": "1:863757030959:android:5f87e149c35d028c6318da",
        "android_client_info": {
          "package_name": "com.mycompany.loginapp"
        }
      },
      "oauth_client": [],
      "api_key": [
        {
          "current_key": "AIzaSyBIA2YHN3cQwcNKT_xudO13wnSggTU_8Kk"
        }
      ],
      "services": {
        "appinvite_service": {
          "other_platform_oauth_client": []
        }
      }
    }
  ],
  "configuration_version": "1"
}